#timestamp [ns],filename
8988980098554,8988981394090.png
8989013387754,8989014683290.png
8989046676254,8989047971790.png
8989079967654,8989081263190.png
8989113255254,8989114550790.png
8989146545054,8989147840590.png
8989179835454,8989181130990.png
8989213124354,8989214419890.png
8989246418654,8989247714190.png
8989279703054,8989280998590.png
8989312992854,8989314288390.png
8989346289354,8989347584890.png
8989379571254,8989380866790.png
8989412859754,8989414155290.png
8989446157454,8989447452990.png
8989479438454,8989480733990.png
8989512727554,8989514023090.png
8989546021554,8989547317090.png
8989579311854,8989580607390.png
8989612595854,8989613891390.png
8989645886554,8989647182090.png
8989679178454,8989680473990.png
8989712486554,8989713782090.png
8989745754054,8989747049590.png
8989779042654,8989780338190.png
8989812352954,8989813648490.png
8989845621354,8989846916890.png
8989878910954,8989880206490.png
8989912201454,8989913496990.png
8989945494154,8989946789690.png
8989978784654,8989980080190.png
8990012068954,8990013364490.png
8990045359954,8990046655490.png
8990078653154,8990079948690.png
8990111937954,8990113233490.png
8990145225754,8990146521290.png
8990178521854,8990179817390.png
8990211804854,8990213100390.png
8990245093954,8990246389490.png
8990278387554,8990279683090.png
8990311674154,8990312969690.png
8990344962054,8990346257590.png
8990378252954,8990379548490.png
8990411542854,8990412838390.png
8990444830754,8990446126290.png
8990478120854,8990479416390.png
8990511432554,8990512728090.png
8990544699254,8990545994790.png
8990577989354,8990579284890.png
8990611277354,8990612572890.png
8990644567854,8990645863390.png
8990677856954,8990679152490.png
8990711150954,8990712446490.png
8990744435654,8990745731190.png
8990777725054,8990779020590.png
8990811018954,8990812314490.png
8990844303654,8990845599190.png
8990877593654,8990878889190.png
8990910888654,8990912184190.png
8990944171954,8990945467490.png
8990977460354,8990978755890.png
8991010753754,8991012049290.png
8991044039054,8991045334590.png
8991077328254,8991078623790.png
8991110618754,8991111914290.png
8991143928354,8991145223890.png
8991177196354,8991178491890.png
8991210486954,8991211782490.png
8991243776654,8991245072190.png
8991277065954,8991278361490.png
8991310354654,8991311650190.png
8991343643454,8991344938990.png
8991376934854,8991378230390.png
8991410222254,8991411517790.png
8991443516654,8991444812190.png
8991476804754,8991478100290.png
8991510091554,8991511387090.png
8991543385254,8991544680790.png
8991576670454,8991577965990.png
8991609959654,8991611255190.png
8991643256654,8991644552190.png
8991676538154,8991677833690.png
8991709826854,8991711122390.png
8991743124654,8991744420190.png
8991776405154,8991777700690.png
8991809694654,8991810990190.png
8991842988754,8991844284290.png
8991876274454,8991877569990.png
8991909563154,8991910858690.png
8991942853454,8991944148990.png
8991976143254,8991977438790.png
8992009449454,8992010744990.png
8992042721754,8992044017290.png
8992076009854,8992077305390.png
8992109311054,8992110606590.png
8992142588654,8992143884190.png
8992175882954,8992177178490.png
8992209168254,8992210463790.png
8992242457054,8992243752590.png
8992275751754,8992277047290.png
8992309036654,8992310332190.png
8992342326954,8992343622490.png
8992375620354,8992376915890.png
8992408904554,8992410200090.png
8992442193354,8992443488890.png
8992475519654,8992476815190.png
8992508771954,8992510067490.png
8992542060954,8992543356490.png
8992575351454,8992576646990.png
8992608641654,8992609937190.png
8992641929554,8992643225090.png
8992675219954,8992676515490.png
8992708509054,8992709804590.png
8992741797554,8992743093090.png
8992775087554,8992776383090.png
8992808406254,8992809701790.png
8992841666354,8992842961890.png
8992874956354,8992876251890.png
8992908249054,8992909544590.png
8992941534654,8992942830190.png
8992974824254,8992976119790.png
8993008117954,8993009413490.png
8993041402054,8993042697590.png
8993074692554,8993075988090.png
8993107986454,8993109281990.png
8993141270954,8993142566490.png
8993174559154,8993175854690.png
8993207856154,8993209151690.png
8993241138554,8993242434090.png
8993274427654,8993275723190.png
8993307718154,8993309013690.png
8993341006154,8993342301690.png
8993374301654,8993375597190.png
8993407585754,8993408881290.png
8993440907254,8993442202790.png
8993474163254,8993475458790.png
8993507454254,8993508749790.png
8993540771654,8993542067190.png
8993574032354,8993575327890.png
8993607322254,8993608617790.png
8993640615654,8993641911190.png
8993673905054,8993675200590.png
8993707189054,8993708484590.png
8993740487554,8993741783090.png
8993773769154,8993775064690.png
8993807058154,8993808353690.png
8993840352754,8993841648290.png
8993873636754,8993874932290.png
8993906926654,8993908222190.png
8993940223554,8993941519090.png
8993973505354,8993974800890.png
8994006793854,8994008089390.png
8994040084954,8994041380490.png
8994073372354,8994074667890.png
8994106662054,8994107957590.png
8994139952354,8994141247890.png
8994173241554,8994174537090.png
8994206529854,8994207825390.png
8994239820454,8994241115990.png
8994273110054,8994274405590.png
8994306400454,8994307695990.png
8994339688454,8994340983990.png
8994372981454,8994374276990.png
8994406267154,8994407562690.png
8994439555854,8994440851390.png
8994472850654,8994474146190.png
8994506135354,8994507430890.png
8994539426354,8994540721890.png
8994572719154,8994574014690.png
8994606003554,8994607299090.png
8994639293754,8994640589290.png
8994672584554,8994673880090.png
8994705871654,8994707167190.png
8994739159954,8994740455490.png
8994772493754,8994773789290.png
8994805738754,8994807034290.png
8994839028254,8994840323790.png
8994872318654,8994873614190.png
8994905607554,8994906903090.png
8994938896454,8994940191990.png
8994972186654,8994973482190.png
8995005476854,8995006772390.png
8995038763954,8995040059490.png
8995072055054,8995073350590.png
8995105348154,8995106643690.png
8995138633554,8995139929090.png
8995171922854,8995173218390.png
8995205216754,8995206512290.png
8995238503454,8995239798990.png
8995271791354,8995273086890.png
8995305085354,8995306380890.png
8995338369754,8995339665290.png
8995371660354,8995372955890.png
8995404954054,8995406249590.png
8995438237354,8995439532890.png
8995471526154,8995472821690.png
8995504816554,8995506112090.png
8995538106254,8995539401790.png
8995571394054,8995572689590.png
8995604684854,8995605980390.png
8995638009754,8995639305290.png
8995671262454,8995672557990.png
8995704553154,8995705848690.png
8995737850754,8995739146290.png
8995771130754,8995772426290.png
8995804421054,8995805716590.png
8995837743054,8995839038590.png
8995870999754,8995872295290.png
8995904289454,8995905584990.png
8995937583354,8995938878890.png
8995970868154,8995972163690.png
8996004156554,8996005452090.png
8996037453054,8996038748590.png
8996070735854,8996072031390.png
8996104055754,8996105351290.png
8996137316754,8996138612290.png
8996170603854,8996171899390.png
8996203893554,8996205189090.png
8996237183154,8996238478690.png
8996270471854,8996271767390.png
8996303760654,8996305056190.png
8996337052254,8996338347790.png
8996370339354,8996371634890.png
8996403636354,8996404931890.png
8996436919554,8996438215090.png
8996470209654,8996471505190.png
8996503496954,8996504792490.png
8996536787254,8996538082790.png
8996570083354,8996571378890.png
8996603366254,8996604661790.png
8996636655654,8996637951190.png
8996669949954,8996671245490.png
8996703234754,8996704530290.png
8996736522854,8996737818390.png
8996769817954,8996771113490.png
8996803102654,8996804398190.png
8996836391454,8996837686990.png
8996869686254,8996870981790.png
8996902970554,8996904266090.png
8996936261154,8996937556690.png
8996969548554,8996970844090.png
8997002838054,8997004133590.png
8997036127154,8997037422690.png
8997069447154,8997070742690.png
8997102705754,8997104001290.png
8997135994854,8997137290390.png
8997169285254,8997170580790.png
8997202574854,8997203870390.png
8997235863154,8997237158690.png
8997269153454,8997270448990.png
8997302449254,8997303744790.png
8997335731754,8997337027290.png
8997369021854,8997370317390.png
8997402316554,8997403612090.png
8997435601754,8997436897290.png
8997468889554,8997470185090.png
8997502184254,8997503479790.png
8997535468654,8997536764190.png
8997568759354,8997570054890.png
8997602053154,8997603348690.png
8997635336654,8997636632190.png
8997668627054,8997669922590.png
8997701914754,8997703210290.png
8997735204454,8997736499990.png
8997768492954,8997769788490.png
8997801783054,8997803078590.png
8997835072454,8997836367990.png
8997868361354,8997869656890.png
8997901651754,8997902947290.png
8997934967454,8997936262990.png
8997968229754,8997969525290.png
8998001520054,8998002815590.png
8998034814154,8998036109690.png
8998068097954,8998069393490.png
8998101388054,8998102683590.png
8998134711354,8998136006890.png
8998167968454,8998169263990.png
8998201256254,8998202551790.png
8998234550454,8998235845990.png
8998267836354,8998269131890.png
8998301123554,8998302419090.png
8998334419154,8998335714690.png
8998367703254,8998368998790.png
8998401019854,8998402315390.png
8998434281054,8998435576590.png
8998467571354,8998468866890.png
8998500861754,8998502157290.png
8998534150054,8998535445590.png
8998567439354,8998568734890.png
8998600727854,8998602023390.png
8998634019254,8998635314790.png
8998667306754,8998668602290.png
8998700607754,8998701903290.png
8998733886054,8998735181590.png
8998767179354,8998768474890.png
8998800464154,8998801759690.png
8998833754054,8998835049590.png
8998867050054,8998868345590.png
8998900333554,8998901629090.png
8998933622454,8998934917990.png
8998966916654,8998968212190.png
8999000201654,8999001497190.png
8999033489454,8999034784990.png
8999066785054,8999068080590.png
8999100069154,8999101364690.png
8999133358454,8999134653990.png
8999166647054,8999167942590.png
8999199937554,8999201233090.png
8999233231554,8999234527090.png
8999266543454,8999267838990.png
8999299805254,8999301100790.png
8999333093954,8999334389490.png
8999366396754,8999367692290.png
8999399673054,8999400968590.png
8999432961654,8999434257190.png
8999466252454,8999467547990.png
8999499546854,8999500842390.png
8999532830354,8999534125890.png
8999566120754,8999567416290.png
8999599417654,8999600713190.png
8999632698654,8999633994190.png
8999665988854,8999667284390.png
8999699283454,8999700578990.png
8999732567654,8999733863190.png
8999765855654,8999767151190.png
8999799151254,8999800446790.png
8999832439054,8999833734590.png
8999865725954,8999867021490.png
8999899013554,8999900309090.png
8999932303554,8999933599090.png
8999965594454,8999966889990.png
8999998881654,9000000177190.png
9000032171554,9000033467090.png
9000065460454,9000066755990.png
9000098750354,9000100045890.png
9000132040354,9000133335890.png
9000165328654,9000166624190.png
9000198619054,9000199914590.png
9000231911554,9000233207090.png
9000265196654,9000266492190.png
9000298486654,9000299782190.png
9000331782754,9000333078290.png
9000365064254,9000366359790.png
9000398355154,9000399650690.png
9000431650954,9000432946490.png
9000464933954,9000466229490.png
9000498223454,9000499518990.png
9000531517754,9000532813290.png
9000564801454,9000566096990.png
9000598126954,9000599422490.png
9000631380154,9000632675690.png
9000664670154,9000665965690.png
9000697979954,9000699275490.png
9000731247854,9000732543390.png
9000764537754,9000765833290.png
9000797827854,9000799123390.png
9000831117054,9000832412590.png
9000864406554,9000865702090.png
9000897694554,9000898990090.png
9000930986154,9000932281690.png
9000964276654,9000965572190.png
9000997562754,9000998858290.png
9001030853154,9001032148690.png
9001064148254,9001065443790.png
9001097431054,9001098726590.png
9001130721554,9001132017090.png
9001164017354,9001165312890.png
9001197301054,9001198596590.png
9001230589254,9001231884790.png
9001263883654,9001265179190.png
9001297169354,9001298464890.png
9001330456254,9001331751790.png
9001363745954,9001365041490.png
9001397036554,9001398332090.png
9001430325854,9001431621390.png
9001463613954,9001464909490.png
9001496904854,9001498200390.png
9001530193954,9001531489490.png
9001563505454,9001564800990.png
9001596772254,9001598067790.png
9001630060654,9001631356190.png
9001663354654,9001664650190.png
9001696642554,9001697938090.png
9001729932754,9001731228290.png
9001763219154,9001764514690.png
9001796515154,9001797810690.png
9001829797254,9001831092790.png
9001863087354,9001864382890.png
9001896384454,9001897679990.png
9001929665554,9001930961090.png
9001962955854,9001964251390.png
9001996250554,9001997546090.png
9002029565654,9002030861190.png
9002062823154,9002064118690.png
9002096112454,9002097407990.png
9002129402854,9002130698390.png
9002162693354,9002163988890.png
9002195980254,9002197275790.png
9002229270854,9002230566390.png
9002262560354,9002263855890.png
9002295848654,9002297144190.png
9002329138754,9002330434290.png
9002362428154,9002363723690.png
9002395717554,9002397013090.png
9002429010254,9002430305790.png
